Years,Epochs,Storage(GB)
1,366,892.8775787353516
1,3660,892.8775787353516
1,8784,892.8775787353516
1,52704,892.8775787361367
