Years,Epochs,Storage(GB)
1,366,21868.940290244736
1,3660,21870.4743150975
1,8784,21870.573676568172
1,52704,21870.632816482183
