Years,Epochs,Storage(GB)
1,52704,892.8775787361367
2,105408,1547.3365783671318
3,158112,2201.7955779997424
4,210816,2856.2545776415204
5,263520,3510.7135772832985
