Years,Epochs,Storage(GB)
1,52704,21870.632816482183
2,105408,44276.10374717712
3,158112,67093.7782606534
4,210816,90196.38786503903
5,263520,113517.27474841573
